Elevation,Rank,Rank,Peak Name,Range,Quadrangle
"13,787'",116,1,Mosquito Peak,Mosquito,Climax
"13,706'",nr,1,Treasurevault Mountain,Mosquito,Climax
"13,682'",nr,1,Wood Mountain,San Juan,Handies Peak
"13,662'",167,1,Carson Peak,San Juan,Pole Creek Mountain
"13,632'",179,1,"""Electric Pass Peak""Formerly UN 13,635",Elks,Hayden Peak
"13,579'",200,1,Rosalie Peak,Front,Harris Park
"13,560'",nr,1,"Kuss PeakFormerly UN 13,548; AKA: Repeater Pk.",Mosquito,Climax
"13,537'",235,1,"""Epaulie""Epaulet Mtn.",Front,Harris Park
"13,522'",243,1,Trinchera Peak,Sangre de Cristo,Trinchera Peak
"13,541'",232,1,UN 13541,Sawatch,Independence Pass
"13,462'",283,1,Hanson Peak,San Juan,Handies Peak
"13,453'",291,1,"""Tundra Top""Formerly UN 13,450",San Juan,Pole Creek Mountain
"13,418'",nr,1,Mount Rhoda,San Juan,Howardsville
"13,405'",319,1,Bent Peak,San Juan,Pole Creek Mountain
"13,389'",330,1,Baldy Cinco,San Juan,Baldy Cinco
"13,353'",352,1,Kendall Mountain,San Juan,Silverton
"13,339'",363,1,Coney Benchmark,San Juan,Finger Mesa
"13,310'",392,1,"""Baldy no es Cinco""Formerly UN 13313",San Juan,Baldy Cinco
"13,290'",409,1,"""Fools Pyramid""Formerly UN13278",San Juan,Weminuche Pass
"13,281'",415,1,Seigal Mountain,San Juan,Handies Peak
"13,256'",435,1,UN 13256(Formerly UN 13260 D),San Juan,Finger Mesa
"13,224'",465,1,Fairview Peak,Sawatch,Fairview Peak
"13,206'",488,1,Bennett Peak,San Juan,Jasper
"13,173'",501,1,UN 13173Formerly UN 13162 B,Elks,Gothic
"13,158'",nr,1,"""Window Peak""UN 13158",San Juan,Rio Grande Pyramid
"13,120'",552,1,Francisco Peak,Sangre de Cristo,El Valle Creek
"13,112'",nr,1,Lomo Liso Mountain,Sangre de Cristo,El Valle Creek
"13,111'",560,1,Hancock PeakUN 13111,Sawatch,Garfield
"13,117'",554,1,UN 13117Formerly UN 13109,San Juan,Howardsville
"13,118'",553,1,"""Baldy Lejos""Formerly UN 13100 E",San Juan,Baldy Cinco
"13,078'",587,1,UN 13078Formerly UN 13075,San Juan,Handies Peak
"13,015'",nr,1,UN 13015Formerly UN 13020 A,Elks,Maroon Bells
"13,030'",620,1,"""The Unicorn""Formerly UN 13020",San Juan,Summit Peak
"13,013'",628,1,Pennsylvania Mountain,Mosquito,Climax
"13,591'",194,1,Mount Evans B,Mosquito,Climax
"13,591'",194,1,Mount Evans B,Mosquito,Climax
"13,988'",55,2,Stewart Peak,San Juan,Stewart Peak
"13,979'",57,2,"Ouray, Mount",Sawatch,Mount Ouray
"13,943'",63,2,Fletcher Mountain,Tenmile,Copper Mountain
"13,965'",59,2,Pacific Peak,Tenmile,Breckenridge
"13,942'",64,2,French Mountain,Sawatch,Mount Massive
"13,939'",65,2,Mount Hope,Sawatch,Mount Elbert
"13,911'",71,2,Red Mountain,Sangre de Cristo,Culebra Peak
"13,911'",71,2,Red Mountain,Sangre de Cristo,Culebra Peak
"13,918'",68,2,Horseshoe Mountain,Mosquito,Mount Sherman
"13,904'",74,2,"""Phoenix Peak""Formerly UN 13,895",San Juan,Halfmoon Pass
"13,885'",nr,2,Frasco Benchmark,Sawatch,Mount Massive
"13,871'",76,2,Mount Buckskin,Mosquito,Climax
"13,867'",79,2,Jones Mountain (A),San Juan,Handies Peak
"13,869'",77,2,"""North Apostle""",Sawatch,Winfield
"13,866'",81,2,Clinton Peak,Mosquito,Climax
"13,860'",83,2,Crystal Peak,Tenmile,Breckenridge
"13,860'",84,2,Mount Edwards,Front,Grays Peak
"13,854'",86,2,California Peak,Sangre de Cristo,Blanca Peak
"13,843'",89,2,Mount Oklahoma,Sawatch,Mt. Champion
"13,856'",85,2,"Atlantic PeakFormerly UN 13,841",Tenmile,Copper Mountain
"13,837'",92,2,Turret Peak,San Juan,Snowdon Peak
"13,838'",90,2,"UN 13838Formerly UN 13,832",San Juan,Redcloud Peak
"13,850'",87,2,Holy Cross Ridge,Sawatch,Mount of the Holy Cross
"13,837'",93,2,"""Huerfano Peak""Formerly UN 13,828",Sangre de Cristo,Blanca Peak
"13,826'",96,2,"""Lackawanna Peak""Formerly UN 13,823",Sawatch,Independence Pass
"13,828'",95,2,Mount Silverheels,Front,Alma
"13,825'",97,2,Rio Grande Pyramid,San Juan,Rio Grande Pyramid
"13,820'",98,2,"UN 13820Formerly UN 13,811",San Juan,Redcloud Peak
"13,816'",101,2,Niagara Peak,San Juan,Handies Peak
"13,814'",103,2,American Peak,San Juan,Handies Peak
"13,040'",612,2,Organ MountainOrgan Mountain B,San Juan,Columbine Pass
"13,801'",110,2,"UN 13,801Formerly UN 13,795",San Juan,Redcloud Peak
"13,801'",109,2,Rito Alto Peak,Sangre de Cristo,Rito Alto Peak
"13,799'",111,2,Square Top Mountain,Front,Montezuma
"13,789'",114,2,Rinker Peak,Sawatch,Mount Elbert
"13,778'",120,2,Garfield Peak,Sawatch,Independence Pass
"13,777'",nr,2,Fuller Peak,San Juan,Ophir
"13,758'",123,2,Bull Hill,Sawatch,Mount Elbert
"13,757'",124,2,Mount Sheridan,Mosquito,Mount Sherman
"13,747'",129,2,Mount Aetna,Sawatch,Garfield
"13,746'",130,2,Sayres Benchmark,Sawatch,Mount Elbert
"13,309'",393,2,Grizzly PeakGrizzly Peak E,Sawatch,Pieplant
"13,743'",132,2,Argentine Peak,Front,Montezuma
"13,738'",135,2,"UN 13738(Formerly UN 13,736)",Sawatch,Mt. Champion
"13,739'",134,2,T 0,San Juan,Telluride
"13,715'",139,2,Vermejo Peak,Sangre de Cristo,Culebra Peak
"13,740'",133,2,"""Animas Forks Mountain""Formerly UN 13,722 B",San Juan,Handies Peak
"13,722'",136,2,Pole Creek Mountain,San Juan,Pole Creek Mountain
"13,473'",277,2,Silver MountainSilver Mountain B,San Juan,Telluride
"13,712'",142,2,UN 13712,Sawatch,Mount Antero
"13,721'",138,2,Twining Peak,Sawatch,Mt. Champion
"13,710'",nr,2,La Garita Peak,San Juan,Halfmoon Pass
"13,708'",nr,2,"UN13,708",San Juan,Handies Peak
"13,692'",153,2,Colony Baldy,Sangre de Cristo,Crestone Peak
"13,712'",141,2,"Peak Six""Sceptor""",San Juan,Storm King Peak
"13,703'",145,2,Baldy Alto,San Juan,Stewart Peak
"13,697'",151,2,Rolling Mountain,San Juan,Ophir
"13,698'",149,2,"""Every Mountain""Formerly UN 13,691",San Juan,Redcloud Peak
"13,694'",152,2,"""Cooper Creek Peak""Formerly UN 13,688 A",San Juan,Redcloud Peak
"13,692'",154,2,Cirque Mountain,San Juan,Mount Sneffels
"13,703'",144,2,Bald Mountain,Front,Boreas Pass
"13,684'",156,2,"UN 13684(Formerly UN13,681)",San Juan,Uncompahgre Peak
"13,679'",160,2,Purgatoire Peak,Sangre de Cristo,Culebra Peak
"13,681'",159,2,"""Quarter Peak""(Formerly UN13674)",San Juan,Redcloud Peak
"13,683'",157,2,"Mount TwetoAKA: ""Divide Benchmark""",Mosquito,Climax
"13,675'",161,2,Mount Jackson,Sawatch,Mount Jackson
"13,657'",169,2,Mount White,Sawatch,Mount Antero
"13,662'",168,2,Carbonate Mountain,Sawatch,Saint Elmo
"13,656'",170,2,"UN 13656Formerly UN 13660 A in G&M and 13,620 on Lists of John.",Sangre de Cristo,Blanca Peak
"13,655'",171,2,Taylor Mountain,Sawatch,Garfield
"13,672'",162,2,Mount Mamma,Sawatch,Saint Elmo
"13,645'",173,2,Mount Champion,Sawatch,Mt. Champion
"13,648'",172,2,Redcliff,San Juan,Wetterhorn Peak
"13,641'",175,2,Bard Peak,Front,Grays Peak
"13,641'",176,2,Peak 10,Tenmile,Breckenridge
"13,637'",177,2,"""Anderson Peak""Formerly UN 13,631 A",Sawatch,New York Peak
"13,584'",197,2,West Spanish Peak,Sangre de Cristo,Spanish Peaks
"13,627'",181,2,UN 13627,Sawatch,Mount Yale
"13,609'",nr,2,Jones Peak,Sawatch,Mount Antero
"13,297'",405,2,Electric PeakElectric Peak B,San Juan,Storm King Peak
"13,616'",186,2,Cyclone Mountain,Sawatch,Saint Elmo
"13,597'",191,2,Cottonwood Peak,Sangre de Cristo,Valley View Hot Springs
"13,587'",196,2,"UN 13587Formerly UN 13,581",San Juan,Pole Creek Mountain
"13,584'",198,2,"Twin Peaks, NorthTwin Peaks A",Sangre de Cristo,Twin Peaks
"13,573'",209,2,UN 13573Previously UN 13580 A,San Juan,Pole Creek Mountain
"13,573'",209,2,UN 13573Previously UN 13580 A,San Juan,Pole Creek Mountain
"13,577'",204,2,UN 13577,Sangre de Cristo,Blanca Peak
"13,580'",199,2,Mount Parnassus,Front,Grays Peak
"13,560'",213,2,Wasatch Mountain,San Juan,Telluride
"13,576'",205,2,Fluted Peak,Sangre de Cristo,Horn Peak
"13,559'",214,2,Pettingell Peak,Front,Loveland Pass
"13,577'",202,2,Gibbs Peak,Sangre de Cristo,Electric Peak
"13,545'",224,2,Tower Mountain,San Juan,Howardsville
"13,552'",222,2,"UN 13552Formerly UN 13,546",Sangre de Cristo,Horn Peak
"13,553'",220,2,Whitecross Mountain,San Juan,Redcloud Peak
"13,575'",208,2,UN 13575(Formerly UN 13540 A),San Juan,Dolores Peak
"13,544'",226,2,Emma Burr Mountain,Sawatch,Cumberland Pass
"13,549'",223,2,"UN 13549Formerly UN 13,535 B",San Juan,Handies Peak
"13,530'",239,2,Boulder Mountain,Sawatch,Saint Elmo
"13,541'",231,2,"""Cataract Peak""Formerly UN 13,524",San Juan,Pole Creek Mountain
"13,541'",231,2,"""Cataract Peak""Formerly UN 13,524",San Juan,Pole Creek Mountain
"13,526'",nr,2,Browns Peak,Sawatch,Winfield
"13,513'",248,2,Ypsilon Mountain,Front,Trail Ridge
"13,517'",244,2,Silver PeakFormerly UN 13513,Sangre de Cristo,Electric Peak
"13,505'",254,2,UN 13505Previously UN 13510 A (G&M),San Juan,Baldy Cinco
"13,509'",nr,2,UN 13509Formerly: UN 13510 B (G&M),San Juan,Ironton
"13,514'",245,2,Telluride Peak,San Juan,Ironton
"13,512'",250,2,"""Petroleum Peak""Formerly UN 13505",Sawatch,New York Peak
"13,494'",263,2,"""Cotton King Peak""Previously UN 13490",Sangre de Cristo,Rito Alto Peak
"13,504'",256,2,Mount Marcy,Sangre de Cristo,Electric Peak
"13,492'",266,2,Cuatro Peak,Sangre de Cristo,Trinchera Peak
"13,487'",268,2,Canby Mountain,San Juan,Howardsville
"13,475'",276,2,Peak Two,San Juan,Storm King Peak
"13,495'",260,2,Chipeta Mountain,Sawatch,Mount Ouray
"13,475'",275,2,La Junta Peak,San Juan,Telluride
"13,481'",272,2,Mount RidgwayS. 2,San Juan,Mount Sneffels
"13,471'",278,2,"""AlamositoFormerly UN 13466",Sangre de Cristo,Culebra Peak
"13,471'",279,2,UN 13471Previously UN 13462 A (G&M),Sawatch,Winfield
"13,465'",282,2,Quail Mountain,Sawatch,Mount Elbert
"13,440'",298,2,"UN 13440Formerly UN13,460 East",Sawatch,Independence Pass
"13,440'",298,2,"UN 13440Formerly UN13,460 East",Sawatch,Independence Pass
"13,480'",274,2,San Joaquin Ridge,San Juan,Telluride
"13,466'",281,2,Ute Ridge,San Juan,Rio Grande Pyramid
"13,461'",284,2,"""Campbell Creek Peak""Formerly UN 13454",San Juan,Redcloud Peak
"13,455'",288,2,Kendall Peak,San Juan,Howardsville
"13,454'",290,2,Horn Peak,Sangre de Cristo,Horn Peak
"13,438'",299,2,Taylor Peak A,Elks,Pearl Pass
"13,441'",295,2,"""Mountaineer Peak""Formerly UN 13,434",San Juan,Howardsville
"13,443'",293,2,UN 13443Formerly UN 13433,Sawatch,Mount Jackson
"13,440'",296,2,Jenkins Mountain,Sawatch,Pieplant
"13,435'",304,2,Grizzly PeakGrizzly Peak D,Front,Grays Peak
"13,420'",309,2,Mummy Mountain,Front,Estes Park
"13,421'",307,2,"""Mount Soso""Formerly UN 13417",San Juan,Emerald Lake
"13,417'",313,2,Little Giant Peak,San Juan,Howardsville
"13,414'",315,2,Mount Wilcox,Front,Montezuma
"13,398'",324,2,Mariquita Peak,Sangre de Cristo,El Valle Creek
"13,408'",nr,2,South Arapaho Peak,Front,Monarch Lake
"13,367'",345,2,Parry Peak,Front,Empire
"13,361'",350,2,Rogers Peak,Front,Harris Park
"13,381'",337,2,Geissler Mountain East,Sawatch,Mt. Champion
"13,405'",318,2,"""Triangle Peak""Formerly UN 13380",Elks,Gothic
"13,385'",331,2,Italian Mountain,Elks,Pearl Pass
"13,382'",335,2,UN 13382,San Juan,Wetterhorn Peak
"13,384'",333,2,Lakes Peak,Sangre de Cristo,Electric Peak
"13,385'",332,2,UN 13385,Sawatch,Mount Harvard
"13,372'",343,2,Mount Guyot,Front,Boreas Pass
"13,381'",336,2,Buckskin Benchmark,Elks,Maroon Bells
"13,379'",338,2,Dome Mountain,San Juan,Howardsville
"13,375'",342,2,Monumental Peak,Sawatch,Garfield
"13,375'",341,2,Sultan Mountain,San Juan,Silverton
"13,322'",376,2,De Anza PeakDe Anza B,Sangre de Cristo,El Valle Creek
"13,379'",339,2,Pearl Mountain,Elks,Pearl Pass
"13,370'",344,2,Engelmann Peak,Front,Grays Peak
"13,360'",351,2,T 7,San Juan,Ironton
"13,362'",347,2,Hoosier Ridge,Front,Breckenridge
"13,311'",391,2,Hermit Peak,Sangre de Cristo,Rito Alto Peak
"13,318'",382,2,Malemute Peak,Elks,Hayden Peak
"13,351'",355,2,"""Tincup Peak""Formerly UN 13345",Sawatch,Cumberland Pass
"13,351'",354,2,UN 13351,San Juan,Rio Grande Pyramid
"13,351'",356,2,Beattie Peak,San Juan,Ophir
"13,347'",361,2,Mount HerardFormerly Mount Seven,Sangre de Cristo,Medano Pass
"13,064'",595,2,Mount Owen,Elks,Oh-Be-Joyful
"13,347'",362,2,Brown Mountain,San Juan,Ironton
"13,337'",365,2,Mount Maxwell,Sangre de Cristo,El Valle Creek
"13,333'",367,2,Venable Peak,Sangre de Cristo,Rito Alto Peak
"13,339'",364,2,"""Proposal Peak""Formerly UN 13330",San Juan,Handies Peak
"13,336'",nr,2,Cinnamon Mountain,San Juan,Handies Peak
"13,330'",369,2,West Buffalo Peak,Mosquito,Marmot Peak
"13,333'",366,2,"""Lake Fork Peak""Formerly UN 13322",Sawatch,Pieplant
"13,329'",371,2,Sunshine Mountain,San Juan,Handies Peak
"13,329'",372,2,Trico Peak,San Juan,Ironton
"13,332'",368,2,UN 13332,Sawatch,Saint Elmo
"13,316'",384,2,"""Oyster Peak""Formerly UN 13312 B",Elks,Pearl Pass
"13,316'",384,2,"""Oyster Peak""Formerly UN 13312 B",Elks,Pearl Pass
"13,319'",378,2,Mount Alice,Front,Isolation Peak
"13,311'",389,2,Aztec Mountain,San Juan,Columbine Pass
"13,323'",375,2,UN 13323,San Juan,Emerald Lake
"13,319'",379,2,V 2,San Juan,Ophir
"13,318'",381,2,UN 13318,San Juan,Rio Grande Pyramid
"13,314'",386,2,Mount Warren,Front,Mount Evans
"13,308'",395,2,"Geissler Mountain, West",Sawatch,Mt. Champion
"13,304'",400,2,Summit Peak,San Juan,Summit Peak
"13,305'",398,2,Middle Peak,San Juan,Dolores Peak
"13,323'",374,2,Mount Daly,Elks,Capitol Peak
"13,302'",403,2,"UN 13302Formerly UN 13300 E or ""V 8""",San Juan,Ophir
"13,303'",402,2,East Buffalo Peak,Mosquito,Marmot Peak
"13,307'",396,2,Galena Mountain,San Juan,Howardsville
"13,302'",403,2,"UN 13302Formerly UN 13300 E or ""V 8""",San Juan,Ophir
"13,305'",399,2,UN 13305Previously UN 13295,Sawatch,Pieplant
"13,073'",590,2,Sheep MountainSheep Mountain D,San Juan,Columbine Pass
"13,289'",410,2,Dolores Peak,San Juan,Dolores Peak
"13,286'",413,2,Bonita Peak,San Juan,Handies Peak
"13,277'",419,2,"""Wayah Peak""Formerly UN13284",Sawatch,Mt. Champion
"13,277'",nr,2,Mount Lady Washington,Front,Longs Peak
"13,277'",418,2,Comanche Peak,Sangre de Cristo,Horn Peak
"13,278'",417,2,Ruby Mountain,Front,Montezuma
"13,126'",547,2,Kiowa Peak,Front,Ward
"13,286'",412,2,Whitney Peak,Sawatch,Mount of the Holy Cross
"13,269'",427,2,Antora Peak,Sawatch,Bonanza
"13,271'",425,2,Wildhorse Peak,San Juan,Wetterhorn Peak
"13,266'",430,2,Geneva Peak,Front,Montezuma
"13,272'",424,2,Marble Mountain,Sangre de Cristo,Crestone Peak
"13,270'",426,2,Knife Point,San Juan,Storm King Peak
"13,274'",421,2,UN13274Formerly UN 13261,San Juan,Weminuche Pass
"13,275'",420,2,Darley MountainFormerly UN13260.,San Juan,Handies Peak
"13,262'",432,2,"""Golden Tops""Formerly UN13260 B",Elks,Maroon Bells
"13,254'",438,2,Broken Hill,San Juan,Uncompahgre Peak
"13,261'",433,2,"""Sheep Rock Mountain""Formerly UN13255",Sawatch,Winfield
"13,272'",422,2,Henry Mountain,Sawatch,Fairview Peak
"13,258'",434,2,UN 13258Formerly UN13253,Sawatch,Winfield
"13,268'",428,2,S 8,San Juan,Sams
"13,253'",439,2,UN 13253Formerly UN 13248,Sawatch,Mount of the Holy Cross
"13,248'",443,2,Spring Mountain,Sangre de Cristo,Horn Peak
"13,255'",437,2,UN 13255,Elks,Highland Peak
"13,243'",nr,2,Notch Mountain,Sawatch,Mount of the Holy Cross
"13,251'",441,2,UN 13251(Formerly UN 13235),Sawatch,Pieplant
"13,239'",450,2,Mount Sniktau,Front,Grays Peak
"13,238'",453,2,Turner Peak,Sawatch,Tincup
"13,239'",451,2,UN 13239Formerly UN 13232 A,Sawatch,Pieplant
"13,232'",458,2,UN 13232Formerly UN 13230,San Juan,Rio Grande Pyramid
"13,238'",454,2,Red MountainRed Mountain C,Front,Breckenridge
"13,217'",474,2,Mount Audubon,Front,Ward
"13,240'",448,2,"""Weminuche Peak""Formerly UN 13220 A",San Juan,Emerald Lake
"13,214'",478,2,Jones Mountain,Sawatch,Tincup
"13,225'",464,2,Engineer Mountain,San Juan,Handies Peak
"13,214'",479,2,UN 13214Formerly UN 13216,Elks,Maroon Bells
"13,223'",466,2,"""Hassell Peak""Formerly UN13215",Front,Loveland Pass
"13,217'",473,2,Homestake Peak,Sawatch,Homestake Reservoir
"13,212'",482,2,Gladstone Ridge,Sawatch,Mount Yale
"13,195'",493,2,Powell Peak,Front,McHenrys Peak
"13,211'",483,2,"Hayden Mountain, South",San Juan,Ironton
"13,215'",477,2,UN 13215Formerly UN 13206,San Juan,Wetterhorn Peak
"13,212'",481,2,Jacque Peak,Gore,Copper Mountain
"13,034'",nr,2,Eagle PeakEagle Peak B/Formerly UN 13043,Sawatch,Mount Jackson
"13,209'",484,2,Mount Nebo,San Juan,Storm King Peak
"13,208'",485,2,Tuttle Mountain,San Juan,Handies Peak
"13,218'",472,2,"""Leaning South Peak""Formerly UN13203",Sangre de Cristo,Trinchera Peak
"13,207'",486,2,UN 13207Formerly UN 13201,San Juan,Wetterhorn Peak
"13,204'",489,2,"""Mountain Boy Peak""Formerly UN 13198",Sawatch,Independence Pass
"13,207'",487,2,Peak 9,Tenmile,Breckenridge
"13,199'",492,2,London Mountain,Mosquito,Climax
"13,194'",nr,2,Mount Moss,San Juan,La Plata
"13,176'",500,2,"""Fancy Peak""Formerly UN13192",Sawatch,Mount Jackson
"13,186'",494,2,Red PeakRed Peak B,Gore,Willow Lakes
"13,173'",502,2,Mount Valois,San Juan,Columbine Pass
"13,223'",467,2,UN 13223Formerly UN 13180 A,Elks,Maroon Bells
"13,181'",496,2,Santa Fe PeakCollier Mtn.,Front,Montezuma
"13,167'",510,2,Grand Turk,San Juan,Silverton
"13,183'",495,2,Copeland Mountain,Front,Isolation Peak
"13,176'",498,2,Conejos Peak,San Juan,Platoro
"13,171'",505,2,UN 13171Formerly UN 13169,San Juan,Rio Grande Pyramid
"13,073'",590,2,Sheep MountainSheep Mountain D,San Juan,Columbine Pass
"13,172'",503,2,Kelso Mountain,Front,Grays Peak
"13,179'",497,2,UN 13179,San Juan,Pole Creek Mountain
"13,164'",513,2,V 5,San Juan,Ophir
"13,146'",529,2,"""Medano Peak""Formerly UN 13,153 A",Sangre de Cristo,Medano Pass
"13,157'",521,2,Taylor Peak B,Front,McHenrys Peak
"13,159'",519,2,UN 13159Formerly UN 13153 B,Sangre de Cristo,Horn Peak
"13,164'",515,2,Pomeroy Mountain,Sawatch,Saint Elmo
"13,158'",520,2,Montezuma Peak,San Juan,Summit Peak
"13,164'",514,2,Arikaree Peak,Front,Monarch Lake
"13,150'",527,2,UN 13150Formerly UN 13147,Sawatch,Garfield
"13,129'",546,2,Mount Flora,Front,Empire
"13,145'",532,2,"""Jackass Point""Formerly UN 13145",San Juan,Telluride
"13,154'",525,2,Little Horn Peak,Sangre de Cristo,Horn Peak
"13,144'",533,2,Willoughby Mountain,Elks,Highland Peak
"13,145'",531,2,UN 13145Formerly UN 13140 B,Sawatch,Pieplant
"13,152'",526,2,"""West Virginia Peak""Formerly UN 13140 A",Sawatch,Winfield
"13,119'",nr,2,Peak Twelve,San Juan,Storm King Peak
"13,135'",540,2,Savage Peak,Sawatch,Mount Jackson
"13,131'",542,2,"Hayden Mountain, North",San Juan,Ironton
"13,143'",535,2,Hunchback Mountain,San Juan,Storm King Peak
"13,169'",508,2,S 9,San Juan,Sams
"13,140'",537,2,UN 13140Formerly UN 13132,San Juan,Handies Peak
"13,131'",543,2,Mount Eva,Front,Empire
"13,134'",541,2,Boskoff PeakAKA: Woods Peak,San Juan,Dolores Peak
"13,128'",nr,2,UN 13128Formerly UN 13123 B,Sangre de Cristo,Electric Peak
"13,138'",539,2,Peters Peak,San Juan,Emerald Lake
"13,130'",545,2,UN 13130Formerly UN 13122,Sangre de Cristo,Rito Alto Peak
"13,114'",557,2,Isolation Peak,Front,Isolation Peak
"13,126'",548,2,"""Cupid""Formerly UN 13117",Front,Grays Peak
"13,122'",549,2,Fitzpatrick Peak,Sawatch,Cumberland Pass
"13,116'",555,2,Cow BenchmarkAKA: Amphitheater Mtn.,San Juan,Wetterhorn Peak
"13,111'",560,2,Hancock PeakUN 13111,Sawatch,Garfield
"13,121'",551,2,UN 13121Formerly UN 13110,San Juan,Storm King Peak
"13,139'",538,2,UN 13139Williams Mtn. North,Sawatch,Mt. Champion
"13,110'",561,2,UN 13110Formerly UN 13106,San Juan,Uncompahgre Peak
"13,112'",558,2,Bushnell Peak,Sangre de Cristo,Bushnell Peak
"13,105'",nr,2,South Twilight Peak,San Juan,Snowdon Peak
"13,102'",567,2,UN 13102Formerly UN 13100 A,San Juan,Sheep Mountain
"13,108'",564,2,Middle MountainMiddle Mountain A,Sawatch,Independence Pass
"13,102'",567,2,UN 13102Formerly UN 13100 A,San Juan,Sheep Mountain
"13,122'",550,2,Mount Kreutzer,Sawatch,Tincup
"13,094'",573,2,UN 13094Formerly UN 13093,San Juan,Handies Peak
"13,108'",563,2,UN 13108Formerly UN 13091,San Juan,Uncompahgre Peak
"13,102'",568,2,UN 13102Formerly UN 13090,Sawatch,New York Peak
"13,094'",572,2,Virginia Peak,Sawatch,Winfield
"13,083'",581,2,Boreas Mountain,Front,Boreas Pass
"13,083'",582,2,"""Huerfanito""Formerly UN 13081",Sangre de Cristo,Blanca Peak
"13,080'",584,2,Whale Peak,Front,Jefferson
"13,093'",574,2,UN 13093Formerly UN 13078,Sawatch,Saint Elmo
"13,084'",580,2,North Twilight Peak,San Juan,Snowdon Peak
"13,078'",586,2,"""West Tellurium""Formerly UN 13074",Sawatch,New York Peak
"13,077'",588,2,Blackwall Mountain,San Juan,Wetterhorn Peak
"13,061'",599,2,Hunts Peak,Sangre de Cristo,Wellsville
"13,073'",590,2,Sheep MountainSheep Mountain D,San Juan,Columbine Pass
"13,082'",583,2,UN 13082Formerly UN 13070,Sawatch,Saint Elmo
"13,054'",nr,2,Mount Chiquita,Front,Trail Ridge
"13,076'",589,2,UN 13076Formerly UN 13069,San Juan,Howardsville
"13,063'",597,2,"""Fravert Peak""Formerly UN 13062 A",Elks,Snowmass Mountain
"13,063'",597,2,"""Fravert Peak""Formerly UN 13062 A",Elks,Snowmass Mountain
"13,064'",595,2,Mount Owen,Elks,Oh-Be-Joyful
"13,064'",596,2,"""Chalk Rock Mountain""Formerly UN 13,055",Sawatch,Tincup
"13,054'",606,2,"""Pyramid Mountain""Previously UN 13054",Sangre de Cristo,Rito Alto Peak
"13,059'",602,2,Houghton Mountain,San Juan,Handies Peak
"13,048'",609,2,UN 13048Formerly UN 13051,San Juan,Uncompahgre Peak
"13,038'",615,2,UN 13038Formerly UN 13050 B,Sawatch,Cumberland Pass
"13,043'",610,2,"""V 7""Previously UN 13042",San Juan,Silverton
"13,063'",598,2,"""Grand Traverse Peak""Formerly UN 13041 B",Gore,Willow Lakes
"13,048'",607,2,UN 13048Formerly UN 13039,Elks,Maroon Bells
"13,034'",616,2,"""Old Baldy""Formerly UN 13034",Front,Monarch Lake
"13,040'",611,2,West Elk Peak,Elks,West Elk Peak
"13,030'",619,2,UN 13030Formerly UN 13034,San Juan,Baldy Cinco
"13,039'",614,2,UN 13039Formerly UN 13033 Williams Mtn. South C,Sawatch,Thimble Rock
"13,031'",618,2,"""Menos Alto Peak""Formerly UN 13028",Sangre de Cristo,Rito Alto Peak
"13,033'",617,2,UN 13033Formerly UN 13026,Sawatch,Mt. Champion
"13,015'",nr,2,UN 13015Formerly UN 13020 A,Elks,Maroon Bells
"13,015'",nr,2,UN 13015Formerly UN 13020 A,Elks,Maroon Bells
"13,015'",626,2,UN 13015Formerly UN 13016,San Juan,Uncompahgre Peak
"13,026'",622,2,UN 13026Formerly UN 13015,San Juan,Halfmoon Pass
"13,019'",625,2,Chief Mountain,San Juan,Little Squaw Creek - Knife Edge (Revised name)
"13,005'",633,2,"""Golden Bear Peak""Formerly UN 13010 A",Front,Loveland Pass
"13,014'",627,2,UN 13014Formerly UN 13003,Sawatch,Mt. Champion
"13,006'",630,2,UN 13006Formerly UN 13001,Sawatch,Mt. Champion
"13,916'",69,2,Emerald Peak,Sawatch,Winfield
"13,916'",69,2,Emerald Peak,Sawatch,Winfield
"13,872'",75,2,"Cronin PeakFormerly: UN 13,870",Sawatch,Saint Elmo
"13,872'",75,2,"Cronin PeakFormerly: UN 13,870",Sawatch,Saint Elmo
"13,861'",82,2,Dyer Mountain,Mosquito,Mount Sherman
"13,863'",nr,2,Mount Spalding,Front,Mount Evans
"13,604'",189,2,Gray Wolf Mountain,Front,Mount Evans
"13,604'",189,2,Gray Wolf Mountain,Front,Mount Evans
"13,604'",189,2,Gray Wolf Mountain,Front,Mount Evans
"13,437'",300,2,T 5,San Juan,Telluride
"13,272'",423,2,James Peak,Front,Empire
"13,272'",423,2,James Peak,Front,Empire
"13,213'",480,2,Teocalli Mountain,Elks,Gothic
"13,213'",480,2,Teocalli Mountain,Elks,Gothic
"13,145'",530,2,UN 13145Formerly UN 13159,San Juan,Ophir
"13,145'",530,2,UN 13145Formerly UN 13159,San Juan,Ophir
"13,579'",200,2,Rosalie Peak,Front,Harris Park
"13,398'",324,2,Mariquita Peak,Sangre de Cristo,El Valle Creek
"13,322'",376,2,De Anza PeakDe Anza B,Sangre de Cristo,El Valle Creek
"13,073'",591,2,Kendall #2 BenchmarkFormerly UN13066,San Juan,Silverton
"13,005'",632,2,Peak 8,Tenmile,Breckenridge
"13,003'",634,2,UN 13003Formerly UN 12990,San Juan,Pole Creek Mountain
"13,556'",218,2,"UN 13556 ""Independence Peak""Formerly UN 13,545",Sawatch,Mt. Champion
"13,997'",54,2.5,Grizzly PeakGrizzly Peak A,Sawatch,Independence Pass
"13,986'",56,2.5,"Columbia PointFormerly: UN 13,980",Sangre de Cristo,Crestone Peak
"13,937'",66,2.5,Mount Adams,Sangre de Cristo,Horn Peak
"13,905'",73,2.5,Casco Peak,Sawatch,Mount Elbert
"13,909'",72,2.5,Vermilion Peak,San Juan,Ophir
"13,867'",78,2.5,Vestal Peak,San Juan,Storm King Peak
"13,848'",88,2.5,Hagerman Peak,Elks,Snowmass Mountain
"13,838'",91,2.5,Jupiter Mountain,San Juan,Columbine Pass
"13,812'",105,2.5,"""Obstruction Peak""Formerly UN 13,799",Sangre de Cristo,Crestone Peak
"13,804'",107,2.5,Mount Arkansas,Mosquito,Climax
"13,789'",115,2.5,Golden Horn,San Juan,Ophir
"13,786'",117,2.5,UN 13786,Sawatch,Mount of the Holy Cross
"13,780'",118,2.5,"""Magdalene Mountain""Silver King Peak/Magdalene Mtn. Formerly UN 13,762/Silver King Peak",Sawatch,Mount Harvard
"13,763'",122,2.5,Deer Mountain,Sawatch,Mt. Champion
"13,756'",125,2.5,San Miguel Peak,San Juan,Ophir
"13,722'",137,2.5,Grizzly Mountain,Sawatch,Saint Elmo
"13,699'",148,2.5,Gilpin Peak,San Juan,Telluride
"13,689'",155,2.5,Mount Oso,San Juan,Emerald Lake
"13,636'",178,2.5,Mount Silex,San Juan,Storm King Peak
"13,628'",180,2.5,White Dome,San Juan,Storm King Peak
"13,624'",183,2.5,The Guardian,San Juan,Storm King Peak
"13,626'",182,2.5,"Mount BlaurockFormerly UN 13,616",Sawatch,Mount Elbert
"13,614'",187,2.5,North Star Mountain,Tenmile,Breckenridge
"13,599'",190,2.5,Peak One,San Juan,Storm King Peak
"13,556'",217,2.5,Mount Powell,Gore,Mount Powell
"13,577'",203,2.5,Chiefs Head Peak,Front,Isolation Peak
"13,575'",207,2.5,Greylock Mountain,San Juan,Columbine Pass
"13,575'",206,2.5,Broken Hand Peak,Sangre de Cristo,Crestone Peak
"13,597'",192,2.5,West Apostle,Sawatch,Winfield
"13,572'",210,2.5,"""Gudy Peak""Formerly UN 13,566",San Juan,Redcloud Peak
"13,569'",211,2.5,"UN 13569Previously UN 13,565",Sangre de Cristo,El Valle Creek
"13,565'",212,2.5,Hagues Peak,Front,Trail Ridge
"13,575'",208,2.5,UN 13575(Formerly UN 13540 A),San Juan,Dolores Peak
"13,541'",233,2.5,V 4,San Juan,Ophir
"13,538'",234,2.5,"Ervin PeakFormerly UN 13,531",Sawatch,Mount Elbert
"13,535'",236,2.5,Treasure Mountain,Elks,Snowmass Mountain
"13,534'",237,2.5,Leviathan Peak,San Juan,Storm King Peak
"13,527'",241,2.5,Star Peak,Elks,Pearl Pass
"13,513'",249,2.5,"UN 13513Formerly UN 13,517",Sawatch,Winfield
"13,532'",238,2.5,Keefe Peak,Elks,Maroon Bells
"13,514'",246,2.5,Bridal PeakFormerly T11,San Juan,Telluride
"13,505'",255,2.5,Eureka Mountain,Sangre de Cristo,Rito Alto Peak
"13,509'",251,2.5,Fairchild Mountain,Front,Trail Ridge
"13,506'",253,2.5,Hunter Peak,Elks,Maroon Bells
"13,488'",267,2.5,Pagoda Mountain,Front,Isolation Peak
"13,500'",259,2.5,Whitehouse Mountain,San Juan,Ouray
"13,503'",258,2.5,Graystone Peak,San Juan,Storm King Peak
"13,487'",269,2.5,Peak Three,San Juan,Storm King Peak
"13,484'",271,2.5,T 10,San Juan,Ironton
"13,473'",277,2.5,Silver MountainSilver Mountain B,San Juan,Telluride
"13,473'",nr,2.5,Miranda Peak,Sangre de Cristo,El Valle Creek
"13,469'",280,2.5,Treasury Mountain,Elks,Snowmass Mountain
"13,450'",292,2.5,Apache Peak,Front,Monarch Lake
"13,455'",289,2.5,S 6,San Juan,Mount Sneffels
"13,437'",301,2.5,"""Mascot Peak""Formerly UN 13435",Sawatch,Mount Yale
"13,441'",294,2.5,Twin Sisters East,San Juan,Ophir
"13,437'",302,2.5,"""Sundog""Formerly UN 13432",San Juan,Redcloud Peak
"13,440'",297,2.5,Vallecito Mountain,San Juan,Storm King Peak
"13,403'",322,2.5,UN 13403Formerly UN 13427,San Juan,Handies Peak
"13,436'",303,2.5,Spread Eagle Peak,Sangre de Cristo,Electric Peak
"13,404'",321,2.5,Cleveland Peak,Sangre de Cristo,Crestone Peak
"13,415'",314,2.5,Peak Four,San Juan,Storm King Peak
"13,422'",306,2.5,Hilliard Peak,Elks,Maroon Bells
"13,408'",317,2.5,UN 13408,San Juan,Halfmoon Pass
"13,411'",316,2.5,White Benchmark,Elks,Gothic
"13,403'",nr,2.5,UN 13403Formerly UN 13401,Sangre de Cristo,Crestone Peak
"13,391'",328,2.5,Chicago Peak,San Juan,Ironton
"13,392'",325,2.5,UN 13392,Sangre de Cristo,Crestone Peak
"13,398'",323,2.5,Gold Dust Peak,Sawatch,Mount Jackson
"13,382'",334,2.5,"Twin Sisters, West",San Juan,Ophir
"13,361'",348,2.5,"""Mount Silverthorne""Formerly Willow Benchmark",Gore,Willow Lakes
"13,350'",359,2.5,UN 13350 Emerald LakeFormerly UN 13340 A (G&M),San Juan,Emerald Lake
"13,350'",358,2.5,UN 13350 Maroon Bells,Elks,Maroon Bells
"13,322'",376,2.5,De Anza PeakDe Anza B,Sangre de Cristo,El Valle Creek
"13,321'",377,2.5,Williams BenchmarkWilliams Mtn. South A,Sawatch,Thimble Rock
"13,302'",403,2.5,"UN 13302Formerly UN 13300 E or ""V 8""",San Juan,Ophir
"13,298'",404,2.5,Truro Peak,Sawatch,New York Peak
"13,282'",414,2.5,"""Tabor Peak""UN13282",Sawatch,New York Peak
"13,309'",393,2.5,Grizzly PeakGrizzly Peak E,Sawatch,Pieplant
"13,244'",446,2.5,V 9,San Juan,Ophir
"13,227'",462,2.5,Peak Z / 'Gorgeous Peak'(Formerly UN 13245),Gore,Willow Lakes
"13,238'",452,2.5,Hesperus Mountain,San Juan,La Plata
"13,242'",447,2.5,"""Cassi Peak""Formerly UN 13,232 B",Elks,Maroon Bells
"13,226'",463,2.5,UN 13226Formerly UN 13229,Sangre de Cristo,El Valle Creek
"13,220'",471,2.5,UN 13220Formerly UN 13222 A,San Juan,Uncompahgre Peak
"13,228'",461,2.5,Greenhalgh Mountain,San Juan,Howardsville
"13,246'",445,2.5,Hagar Mountain,Front,Loveland Pass
"13,216'",475,2.5,Irving Peak,San Juan,Columbine Pass
"13,221'",469,2.5,UN 13221Formerly UN13212,Sawatch,Mt. Champion
"13,201'",nr,2.5,Lenawee Mountain,Front,Grays Peak
"13,220'",470,2.5,UN 13220Formerly UN 13202,Sawatch,Mt. Champion
"13,176'",499,2.5,Beaubien Peak,Sangre de Cristo,El Valle Creek
"13,223'",467,2.5,UN 13223Formerly UN 13180 A,Elks,Maroon Bells
"13,223'",467,2.5,UN 13223Formerly UN 13180 A,Elks,Maroon Bells
"13,172'",504,2.5,"""Stony Pass Peak""Formerly UN 13165",San Juan,Howardsville
"13,155'",523,2.5,UN 13155Formerly UN 13158,San Juan,Uncompahgre Peak
"13,156'",522,2.5,South River Peak,San Juan,South River Peak
"13,141'",536,2.5,Precipice PeakAKA: U 2,San Juan,Wetterhorn Peak
"13,145'",531,2.5,UN 13145Formerly UN 13140 B,Sawatch,Pieplant
"13,154'",524,2.5,Ogalalla Peak,Front,Isolation Peak
"13,130'",544,2.5,Pika Peak,Sawatch,Mount Jackson
"13,107'",566,2.5,"""Peak Twenty Two""Formerly UN 13105",San Juan,Columbine Pass
"13,107'",565,2.5,"""Corbett Ridge""Formerly UN 13100 C",San Juan,Ouray
"13,101'",569,2.5,"""Tomboy Peak""Formerly UN 13095",San Juan,Telluride
"13,085'",578,2.5,"""Mount Solitude""Formerly UN 13090 B",Gore,Vail East
"13,080'",585,2.5,Keller Mountain,Gore,Willow Lakes
"13,094'",570,2.5,Peak XUN 13085 B,Gore,Vail East
"13,085'",579,2.5,"""North Traverse Peak""Formerly UN 13079",Gore,Willow Lakes
"13,060'",600,2.5,West Needle Mountain,San Juan,Snowdon Peak
"13,067'",593,2.5,UN 13067Formerly UN 13060 A,Elks,Capitol Peak
"13,048'",608,2.5,"""Dead Man Peak""Formerly UN 13050 A",Sangre de Cristo,Crestone Peak
"13,060'",601,2.5,"""N 2""UN 13046/South Snowden",San Juan,Snowdon Peak
"13,034'",nr,2.5,Eagle PeakEagle Peak B/Formerly UN 13043,Sawatch,Mount Jackson
"13,028'",621,2.5,UN 13028Formerly UN 13020 B,Sangre de Cristo,Crestone Peak
"13,009'",629,2.5,"Twin Sisters, North",Sangre de Cristo,Bushnell Peak
"12,992'",nr,2.5,UN 12992Formerly UN 13010 B,San Juan,Cimarrona Peak
"13,863'",nr,2.5,Mount Spalding,Front,Mount Evans
"13,437'",300,2.5,T 5,San Juan,Telluride
"13,272'",423,2.5,James Peak,Front,Empire
"13,080'",585,2.5,Keller Mountain,Gore,Willow Lakes
"13,222'",468,2.5,"""Ellingwood Ridge""Formerly UN 13206",Sawatch,La Plata
"13,000'",636,2.5,"""Peak R""Formerly UN 12,995",Gore,Vail East
Elevation,Rank,Class,Peak Name,Range,Quadrangle
"13,977'",58,3,Pigeon Peak,San Juan,Snowdon Peak
"13,960'",60,3,Ice Mountain,Sawatch,Winfield
"13,952'",61,3,Cathedral Peak,Elks,Hayden Peak
"13,944'",62,3,"""Thunder Pyramid""Formerly UN 13,932",Elks,Maroon Bells
"13,923'",67,3,Gladstone Peak,San Juan,Mount Wilson
"13,916'",70,3,Mount Meeker,Front,Allens Park
"13,866'",80,3,Half Peak,San Juan,Pole Creek Mountain
"13,817'",99,3,Arrow Peak,San Juan,Storm King Peak
"13,804'",108,3,"""Castleabra""Foremerly UN 13,803",Elks,Maroon Bells
"13,789'",113,3,Animas Mountain,San Juan,Snowdon Peak
"13,793'",112,3,Potosi Peak,San Juan,Ironton
"13,778'",119,3,Ulysses S. Grant Peak,San Juan,Ophir
"13,765'",121,3,West Trinity,San Juan,Storm King Peak
"13,753'",127,3,Storm King Peak,San Juan,Storm King Peak
"13,752'",128,3,East Trinity,San Juan,Storm King Peak
"13,746'",131,3,Pilot Knob,San Juan,Ophir
"13,309'",393,3,Grizzly PeakGrizzly Peak E,Sawatch,Pieplant
"13,698'",150,3,Wheeler Mountain,Tenmile,Copper Mountain
"13,702'",146,3,"UN 13702Formerly UN 13,688 B",San Juan,Handies Peak
"13,682'",158,3,Peak Seven,San Juan,Storm King Peak
"13,669'",165,3,Lookout Peak,San Juan,Ophir
"13,670'",164,3,"""Northwest Pole""Formerly UN 13,660 B",San Juan,Pole Creek Mountain
"13,642'",174,3,"""Len Shoemaker Peak""Formerly UN13631 B",Elks,Maroon Bells
"13,612'",188,3,Tijeras Peak,Sangre de Cristo,Crestone Peak
"13,590'",195,3,Matterhorn Peak,San Juan,Uncompahgre Peak
"13,592'",193,3,Mount Emma,San Juan,Telluride
"13,579'",201,3,Clark Peak,Elks,Capitol Peak
"13,555'",219,3,McCauley Peak,San Juan,Columbine Pass
"13,559'",215,3,"UN 13559Previously UN 13,550",Elks,Gothic
"13,543'",229,3,UN 13543,Sangre de Cristo,Crestone Peak
"13,523'",242,3,White Rock Mountain,Elks,Gothic
"13,530'",240,3,Peak Eleven,San Juan,Storm King Peak
"13,552'",221,3,UN 13552Formerly UN13537,Elks,Maroon Bells
"13,513'",247,3,North Arapaho Peak,Front,Monarch Lake
"13,503'",257,3,Mears Peak,San Juan,Mount Sneffels
"13,495'",261,3,Storm Peak,San Juan,Silverton
"13,494'",264,3,Three Needles,San Juan,Telluride
"13,480'",273,3,V 10,San Juan,Ophir
"13,425'",305,3,"""Siberia Peak""Formerly UN 13420",Elks,Snowmass Mountain
"13,419'",310,3,Eagles NestAKA: Peak A,Gore,Mount Powell
"13,348'",360,3,Bartlett Mountain,Tenmile,Copper Mountain
"13,391'",327,3,Prize Benchmark,Sawatch,Pieplant
"13,390'",329,3,Williams Mountain,Sawatch,Mt. Champion
"13,378'",340,3,Precarious Peak,Elks,Maroon Bells
"13,365'",346,3,Music Mountain,Sangre de Cristo,Crestone Peak
"13,352'",353,3,"""Finnegan Peak""Formerly UN 13346; also ""North Gold Dust""",Sawatch,Mount Jackson
"13,330'",370,3,McHenrys Peak,Front,McHenrys Peak
"13,313'",387,3,"""East Storm""Formerly UN 13325",San Juan,Silverton
"13,315'",385,3,T 8,San Juan,Ironton
"13,316'",384,3,"""Oyster Peak""Formerly UN 13312 B",Elks,Pearl Pass
"13,288'",411,3,"""P 2""Formerly UN 13302",San Juan,Storm King Peak
"13,266'",nr,3,"""Middle Point""Formerly UN13300",San Juan,Ophir
"13,302'",403,3,"UN 13302Formerly UN 13300 E or ""V 8""",San Juan,Ophir
"13,295'",406,3,"""The Citadel""Formerly UN 13294",Front,Loveland Pass
"13,297'",405,3,Electric PeakElectric Peak B,San Juan,Storm King Peak
"13,291'",408,3,Peak Five,San Juan,Storm King Peak
"13,264'",431,3,"""Crestolita""Formerly UN13270",Sangre de Cristo,Crestone Peak
"13,268'",429,3,The Heisspitz,San Juan,Storm King Peak
"13,256'",436,3,S 4,San Juan,Mount Sneffels
"13,246'",444,3,"""Fortress Peak""Formerly known as ""U 3""",San Juan,Wetterhorn Peak
"13,248'",442,3,Belleview Mountain,Elks,Maroon Bells
"13,220'",471,3,UN 13220Formerly UN 13222 A,San Juan,Uncompahgre Peak
"13,234'",457,3,S 7,San Juan,Sams
"13,237'",455,3,Lavender Peak,San Juan,La Plata
"13,218'",472,3,"""Leaning South Peak""Formerly UN13203",Sangre de Cristo,Trinchera Peak
"13,223'",467,3,UN 13223Formerly UN 13180 A,Elks,Maroon Bells
"13,161'",518,3,Babcock Peak,San Juan,La Plata
"13,173'",501,3,UN 13173Formerly UN 13162 B,Elks,Gothic
"13,162'",517,3,Twilight Peak,San Juan,Snowdon Peak
"13,166'",511,3,UN 13166Formerly UN 13155,San Juan,San Luis Peak
"13,149'",528,3,"""West Truro""UN 13140 C",Sawatch,New York Peak
"13,110'",562,3,Peak NPreviously UN 13121 B,Gore,Mount Powell
"13,164'",516,3,UN 13164Formerly UN 13121 A,San Juan,Columbine Pass
"13,094'",571,3,Paiute Peak,Front,Monarch Lake
"13,089'",576,3,"""Ribbed Peak""Formerly UN 13085 A",Sawatch,Mount Jackson
"13,090'",575,3,Snowdon Peak,San Juan,Snowdon Peak
"13,087'",577,3,Mount Garfield,San Juan,Snowdon Peak
"13,067'",593,3,UN 13067Formerly UN 13060 A,Elks,Capitol Peak
"13,058'",604,3,"""West Partner Peak""Formerly UN 13041 A",Gore,Vail East
"13,040'",612,3,Organ MountainOrgan Mountain B,San Juan,Columbine Pass
"13,039'",613,3,"""Snow Peak""Formerly UN 13039",Gore,Willow Lakes
"13,861'",82,3,Dyer Mountain,Mosquito,Mount Sherman
"13,863'",nr,3,Mount Spalding,Front,Mount Evans
"13,556'",218,3,"UN 13556 ""Independence Peak""Formerly UN 13,545",Sawatch,Mt. Champion
"13,252'",440,3,Peak Eight,San Juan,Storm King Peak
"13,002'",635,3,UN 13002Formerly UN 12977,Sawatch,Mount Jackson
"13,816'",100,4,Trinity Peak,San Juan,Storm King Peak
"13,729'",nr,4,"""Lightening Pyramid""Formerly UN 13,722 A",Elks,Maroon Bells
"13,725'",nr,4,Peak Thirteen,San Juan,Storm King Peak
"13,707'",143,4,Monitor Peak,San Juan,Storm King Peak
"13,621'",184,4,Pico AisladoPico Asilado (commonly misspelled),Sangre de Cristo,Crestone Peak
"13,545'",225,4,V 3,San Juan,Ophir
"13,526'",nr,4,Milwaukee Peak,Sangre de Cristo,Crestone Peak
"13,507'",252,4,Fowler PeakBig Bear Peak,San Juan,Dolores Peak
"13,471'",279,4,UN 13471Previously UN 13462 A (G&M),Sawatch,Winfield
"13,457'",287,4,Sleeping Sexton,Elks,Maroon Bells
"13,494'",265,4,Peak Ten,San Juan,Storm King Peak
"13,418'",312,4,"""Heisshorn""UN 13418",San Juan,Wetterhorn Peak
"13,419'",311,4,Navajo Peak,Front,Monarch Lake
"13,404'",320,4,Peak Nine,San Juan,Storm King Peak
"13,420'",308,4,South Lookout Peak,San Juan,Ophir
"13,302'",403,4,"UN 13302Formerly UN 13300 E or ""V 8""",San Juan,Ophir
"13,319'",380,4,"""El Punto""Formerly UN 13300",San Juan,Uncompahgre Peak
"13,306'",397,4,Peak GFormerly UN 13260,Gore,Vail East
"13,239'",449,4,"Peak Q/""Prisoner Peak""Formerly UN13,230",Gore,Vail East
"13,228'",460,4,Peak CFormerly UN 13220,Gore,Vail East
"13,235'",456,4,"""Peak L""Formerly UN 13213 aka: ""Necklace Peak""",Gore,Vail East
"13,164'",512,4,Amherst Mountain,San Juan,Columbine Pass
"13,057'",605,4,"""East Partner Peak""Previously UN 13,057",Gore,Vail East
"13,022'",624,4,UN 13022Formerly UN 13017,San Juan,Rio Grande Pyramid
"13,915'",s,5,"""Drift Peak""Formerly UN 13,900",Tenmile,Copper Mountain
"13,833'",94,5,Jagged Mountain,San Juan,Storm King Peak
"13,815'",102,5,Teakettle Mountain,San Juan,Mount Sneffels
"13,812'",104,5,Dallas Peak,San Juan,Telluride
"13,671'",163,5,Peak Fifteen,San Juan,Snowden Peak
"13,663'",166,5,Coxcomb Peak,San Juan,Wetterhorn Peak
"13,112'",559,5,Lizard Head,San Juan,Mount Wilson